product_id,asin,first_seen,title,brand
P0001,B0168KNAKW,2026-03-05 08:56,"Vital Ultra - 480 ml - Mikronährstoffkonzentrat mit Vitaminen, Mineralien, Spurenelementen, Pflanzenstoffen und Omega-3-",
P0002,B0C1SZVWBV,2026-03-05 08:56,"Multivitamin Pulver + Magnesium, Zink & Selen - Vitamine A-Z hochdosiert - Immunsystem stärken - hochwertige Mikronährst",
P0003,B0B3NFHBW9,2026-03-05 08:56,"Valensina 6x1,0l PET milder Multivitamin 100% Saft",
P0004,B09JZQ9MC8,2026-03-05 08:56,"hohes C Milder Multivitamin (1 x 1,5l), 100% Saft, Apfel, Orange, Acerola, Mango, 7 Vitamine, ohne Zuckerzusatz laut Ges",
P0005,B0DJGPMGC6,2026-03-05 08:56,"Zirkulin Vital Mikronährstoffkonzentrat (3x200ml) – 60 Tage Reichweite - 66 Vitalstoffe aus Obst, Gemüse & Kräutern - We",
P0006,B06ZZRX62M,2026-03-05 08:56,Pfanner Multivitaminsaft (8 x 1 l) - 100% Fruchtgehalt – Saft aus 13 Früchten - Mehrfruchtsaft im Vorratspack,
P0007,B09C5R9RTV,2026-03-05 08:56,"hohes C Multivitamin (6 x 1l), 100% Saft, Apfel, Orange, Ananas, Maracuja, Mango, 9 Vitamine, ohne Zuckerzusatz laut Ges",
P0008,B09SG2J1FY,2026-03-05 08:56,"hohes C Milder Multivitamin (3 x 0,2l), 100% Saft, Apfel, Orange, Acerola, Mango, 7 Vitamine, ohne Zuckerzusatz laut Ges",
P0009,B0DJGP3XQC,2026-03-05 08:56,"Zirkulin Vital Mikronährstoffkonzentrat (200ml) – 20 Tage Reichweite - 66 Vitalstoffe aus Obst, Gemüse & Kräutern - Wert",
P0010,B014UVPUIQ,2026-03-05 08:56,"Pfanner Multivitamin (6 x 0,5 l) – Multi Getränk aus 12 Früchten - 12% Fruchtgehalt Mehrfruchtsaftgetränk im Vorratspack",
P0011,B00VU54RGC,2026-03-05 08:56,"Dr. Wolz Vitalkomplex 500ml - Mikronährstoff-Komplex mit 95 Zutaten - Vitamine, Mineralstoffe, Spurenelemente & Sekundär",
P0012,B0DHXWXM48,2026-03-05 08:56,VITACTIV Family Immun Aktiv - 300ml Mikronährstoffkonzentrat - Multivitamin Konzentrat mit Weintraubenkern & Holunder Ex,
P0013,B0BG2ZJ7C9,2026-03-05 08:56,"Liposomale Vitamin B Komplex Flüssiges - Hochdosiert Tropfen mit Allen 8 B-Vitaminen, Aktive Vitamin B Formen, Vegan, Ke",
P0014,B0CKLV6TQY,2026-03-05 08:56,"Multivitamin-Tropfen – 16 Vitamine & Mineralstoffe - Flüssig – Vegan, ohne Zusatzstoffe, Zuckerfrei – 100% pflanzlich – ",
P0015,B07Z5CSG2Z,2026-03-05 08:56,"Liposomaler Vitamin-B-Komplex (B1, B2, B3, B5, B6, Biotin/B7, Folat/B9, B12) | Flüssig & pur, hochverfügbar | Vegan, zuc",
P0016,B0FWBQXNRB,2026-03-05 08:56,Mikronährstoffkonzentrat 500 ml – 128 Zutaten inkl. fermentiertem Obst und Gemüse – für die tägliche Nährstoffversorgung,
P0017,B07MYCY6CF,2026-03-05 08:56,ALL STARS Amino Liquid 18 x 25ml Black Currant - Flüssiger Aminosäuren Komplex hochdosiert 12.000mg mit 12g Protein pro ,
P0018,B0CMS6S3HX,2026-03-05 08:56,"2 Monatsvorrat in 1 Flasche – ALL IN ONE Mikronährstoff Konzentrat – Flüssiges Multivitamin – Mineralien, Spurenelemente",
P0019,B0FX5T6B9M,2026-03-05 08:56,"marble® Kollagen Pulver PRO 450 g - Collagen Pulver plus Vitamin C, Zink & Biotin - Collagenpeptide - 60 Tage risikofrei",
P0020,B0F1DKH3X6,2026-03-05 08:56,"Multivitamin A-Z & Mikronährstoffe Trinkpulver (30 Portionen - Tropical Flavor) Daily Vitamins Pulver mit Vitamin A, C, ",
P0021,B08NWX1SC5,2026-03-05 08:56,"Doppelherz A–Z + Immun DIRECT – Mit Zink, Vitamin B12, Vitamin C und D als Beitrag für die normale Funktion des Immunsys",
P0022,B0FT848DN4,2026-03-05 08:56,"Vital Ultra – 2x480 ml – Mikronährstoffkonzentrat mit Vitaminen, Mineralien, Spurenelementen, Pflanzenstoffen und Omega-",
P0023,B0FF3CHMB1,2026-03-05 08:56,"Vital Mikronährstoffkonzentrat für 50 Tage - Multivitamin Formel mit Vitaminen, Mineralstoffen und sekundären Pflanzenst",
P0024,B0FG36751H,2026-03-05 08:56,"Kloster Kitchen Mikronährstoffkonzentrat Vital Flow | 500 ml - 31 Tage - 74 Zutaten | Obst, Gemüse & Kräuter - Vitamine,",
P0025,B08RZCYQGY,2026-03-05 10:39,"Vitamin B Komplex Hund Tropfen 30 ml – flüssige Vitamine für Hunde zur einfachen Anwendung, B-Vitamin Komplex zur täglic",
P0026,B000L0UQ08,2026-03-05 10:39,"Best Body Nutrition Vital Drink ZEROP® - schwarze Johannisbeere, Original Getränkekonzentrat - Sirup - zuckerfrei, 1:80 ",
P0027,B0C591L9BR,2026-03-05 10:39,"NEU! Flüssiges Multivitamin Mikronährstoffkonzentrat mit über 75 wertvollen Zutaten | Vitamin Komplex, Mineralien, Spure",
P0028,B0GJL3QCY7,2026-03-05 10:41,"Vivora Fruchtiges Mikronährstoffkonzentrat mit über 60 Zutaten 500ml für 31 Portionen mit Pflanzenstoffen, Vitaminen, Mi",
P0029,B014UVQJWW,2026-03-05 10:41,"Pfanner Multivitamin Fruchtgetränk (6 x 1,5 l) – Multi Getränk aus 12 Früchten - 10% Fruchtgehalt - Fruchtgetränk im Vor",
P0030,B0DZXQ5YZ4,2026-03-05 10:41,"Juicy Monk Mikronährstoffkonzentrat | 80+ natürliche Zutaten | Flüssiges Frucht- & Gemüsesaftkonzentrat mit Vitamine, Mi",
P0031,B0DCWBZRXS,2026-03-05 10:41,Liposomale Multivitamin & Mineralien Tropfen hochdosiert - (30.000mg pro Packung) 1000mg Multivitamin & Mineralien pro T,
P0032,B01MYEY0LH,2026-03-05 10:41,"ESN Vitamin Stack, Multivitamin Kapseln, 120 Stück - 4 Monate Vorrat, hochdosiert, 13 wertvolle Vitamine in einer Kapsel",
P0033,B09C5S95FM,2026-03-05 10:41,"hohes C Milder Multivitamin (1 x 1l), 100% Saft, Apfel, Orange, Acerola, Mango, 7 Vitamine, ohne Zuckerzusatz laut Geset",
P0034,B0CC2XC73X,2026-03-05 10:41,"granini Trinkgenuss Multivitamin (6 x 1l), mindestes 50% Frucht, Mehrfruchtnektar, vegan, natürlich, mit Pfand",
P0035,B013R546YU,2026-03-05 10:41,Pfanner Multivitamin (1 x 2 l) - 50% Fruchtgehalt – Multi Nektar aus 13 Früchten - Fruchtnektar im Vorratspack,
P0036,B0GC65BNRS,2026-03-05 10:41,"Pfanner Refresh + Vita - Multivitamin Fruchtgetränk (8 x 0,5 l) – Multi Getränk aus 12 Früchten - 10% Fruchtgehalt - Fru",
P0037,B0020GJMSS,2026-03-05 10:41,"Salus Multi-Vitamin Energetikum (a) - 1x 250 ml - Tonikum mit 8 wichtigen Vitaminen - Vitamin A, B1, B2, Niacin (B3), B6",
P0038,B0FNWNZFCY,2026-03-05 11:10,TAVI® Neem | 90 Kapseln | 10:1 Extrakt (entspricht 3.600mg Neem-Pulver pro Kapsel),
P0039,B0C7L6H4FW,2026-03-05 11:10,SF-Nematoden (1 Mio.) gegen Trauermücken – für 10 Pflanzen / 1m² Fläche – zum einfachen gießen,
P0040,B09QQSFYP8,2026-03-05 11:10,Gardemia Neemöl Spray 750 ml gebrauchsfertig mit 100 % Neem pflanzlichen Ursprungs mechanisch durch Kaltpressung gewonne,
P0041,B07XN28JGC,2026-03-05 11:10,Findet Nemo (4K UHD),
P0042,B004FB01HC,2026-03-05 11:10,Lavita Neemöl kaltgepresst 100ml,
P0043,B0CX97PBJS,2026-03-05 11:10,Neemöl mit Emulgator [250ml] - Natürliches Neemöl für Pflanzen mit Sprühflasche und Messbecher - 25 Liter sprühfertige M,
P0044,B084YSCCTQ,2026-03-05 11:10,Natura Germania® Neemöl 1000ml mit Waschnußextrakt mit Sprühflasche und Messbecher - Ergibt 100 LITER sprühfertige Lösun,
P0045,B0DWTSC24L,2026-03-05 11:10,Natura Germania® Neemöl 500ml mit Waschnußextrakt mit Sprühflasche und Messbecher - Ergibt 50 Liter sprühfertige Lösung ,
P0046,B0DMFPWRSY,2026-03-05 11:10,"Super SC-Nematoden gegen Maulwurfsgrillen, Wiesenschnaken und Erdraupen – 50 Mio. (100m²) - Biologisches Mittel zur effe",
P0047,B0CMRC1MNM,2026-03-05 11:10,Neemöl [250ml] - Inkl. Sprühflasche und Messbecher - Neemöl mit Emulgator zur direkten Anwendung - Niemöl zur natürliche,
P0048,B0FW78ZZPB,2026-03-05 11:10,100% natürliches Neemöl [250] ml – mit Emulgator für gesunde Pflanzenpflege | Gegen Trauermücken (Fungus Gnats) & Blattl,
P0049,B08SHG17G4,2026-03-05 11:10,SF Nematoden 3 Mio. (30 Pflanzen/6m²) gegen Trauermücken,
P0050,B01MQJZG9B,2026-03-05 11:10,Fischen Impossible Uncut [dt./OV],
P0051,B0DW499RN3,2026-03-05 11:10,Natürliches Neemöl mit Emulgator 1200 ml – inkl. Sprühflasche & Messbecher – Ergibt 120 L sprühfertiges Neem-Öl Spray – ,
P0052,B08SJF8Y7X,2026-03-05 11:10,SF Nematoden 6 Mio. (60 Pflanzen/12m²) gegen Trauermücken,
P0053,B0F1YLVRPG,2026-03-05 11:10,"Novo Nem® Raubmilben Kombipack – 2 x 3 Tüten für 3-6 Pflanzen gegen Thripse und Spinnmilben an Zierpflanzen oder Gemüse,",
P0054,B06XYHCG91,2026-03-05 11:10,wesentlich. Neemöl mit Emulgator 1000ml - fertig gemischt für Haus und Garten - hochergiebig für 100l Spray,
P0055,B0F1YPLNG7,2026-03-05 11:10,Novo Nem® Raubmilben Kombipack – 2 x 5 Tüten für 5-10 Pflanzen gegen Thripse und Spinnmilben an Zierpflanzen oder Gemüse,
P0056,B0DZ76VKN9,2026-03-05 11:10,"Bio Neemöl Devil® EXTRA STARK – 500ml Sprühfertig – Pflanzenpflege & Vitalität – 4-in-1 Mischung aus Neemöl, Rosmarinöl,",
P0057,B000L0T5BO,2026-03-05 13:24,"Best Body Nutrition Vital Drink ZEROP® - Pfirsich-Maracuja, Original Getränkekonzentrat - Sirup - zuckerfrei, 1:80 ergib",
P0058,B0CS9XXQZL,2026-03-05 13:24,"Best Body Nutrition Vital Drink ZEROP® - Waldfrucht, Original Getränkekonzentrat - Sirup - zuckerfrei, 1:80 ergibt 80 Li",
P0059,B09XN1TQ9D,2026-03-05 13:24,"YO Sirup Multivitamin (6 x 700 ml) - 1x Flasche ergibt bis zu 6 Liter Fertiggetränk – ohne Süßungsmittel, Farb- & Konser",
P0060,B000L0RFMU,2026-03-05 13:24,"Best Body Nutrition Vital Drink ZEROP® - Kirsche, Original Getränkekonzentrat - Sirup - zuckerfrei, 1:80 ergibt 80 Liter",
P0061,B08YN6LWDX,2026-03-05 13:24,"Sirup Partyset 6 x 250ml für Slush, Getränke Hergestellt ohne AZO und Glycerin | Slushy selber machen | Slushmaschine Ar",
P0062,B0DKJTYVPH,2026-03-05 13:24,Volvic Juicy Multifrucht – Aus Multifrucht- und Karottensaftkonzentraten – Nur natürliche Aromen – 6 x 1 l,
P0063,B00ES0VHLO,2026-03-05 13:24,US-Montmorency-Sauerkirsch-Konzentrat – hochkonzentriert – 1.450 Montmorency-Sauerkirschen pro Flasche (500 ml) – Cherry,
P0064,B0CL578THZ,2026-03-05 13:24,"Maxler Vitamin Drink Concentrate 1:80 - Pfirsich-Maracuja - 500ml - Hochkonzentrierte Kombination von B-Vitaminen, Niaci",
P0065,B07CKXBMJD,2026-03-05 13:42,Rauch Happy Day Multivitamin mild | sanft und säurearm | mit 9 wertvollen Vitaminen und Calcium | 6x 1l Tetra Prisma,
P0066,B09GVWJ78Z,2026-03-05 13:42,Doppelherz Multi-Vitamine Immun Family – 11 Vitamine + Magnesium sofort trinkfertig mit Multifruchtgeschmack – 250ml,
P0067,B004GKGCZM,2026-03-05 13:42,"Salus Multi-Vitamin Energetikum (a) - 1x 500 ml - Tonikum mit 8 wichtigen Vitaminen - Vitamin A, B1, B2, Niacin (B3), B6",
P0068,B07CMDTK4Z,2026-03-05 13:42,Rauch Happy Day Multivitamin | mit 9 wertvollen Vitaminen | eine Genussreise um die Welt | 6x 1l Tetra Prisma,
P0069,B0DWFZ3G37,2026-03-05 13:42,Pfanner Refresh + Vita - Multivitamin Fruchtgetränk (6 x 2 l) – Multi Getränk aus 12 Früchten - 10% Fruchtgehalt - Fruch,
P0070,B00J5Y6DBC,2026-03-05 13:42,"Multivitamin Energische, 500 ml",
P0071,B00F7IHT1S,2026-03-05 13:42,"Happy Day Multivitamin Mild 100 %, Tetra - 1L",
P0072,B00M409M1M,2026-03-05 13:42,"Jacoby Multivitaminsaft, 6er Pack (6 x 1 l)",
P0073,B07JVP37J5,2026-03-05 13:42,natural elements Vitamin B12 Tropfen – 50ml – 500µg B12 pro Tropfen – Jahresvorrat – 2 Aktivformen (Methyl- & Adenosylco,
P0074,B09HGV925B,2026-03-05 13:42,proSan Immun 30 Trinkampullen | der tägliche Boost für dein Immunsystem | vegetarisch & hochdosiert | Immunsystem unters,
P0075,B0DTJ2W9YT,2026-03-05 13:42,Liposomales Vitamin B Komplex Hochdosiert Tropfen | Alle 8 B Vitaminen mit Vitamin B1 B2 B3 B5 B6 Biotin Folsäure B12 | ,
P0076,B07BGHDRZH,2026-03-05 13:42,"natural elements Vitamin D3 + K2 Tropfen 50ml - Premium: 99,7+% All-Trans (K2VITAL® von Kappa) + hoch bioverfügbares Vit",
P0077,B08BLTR95S,2026-03-05 13:42,Vitamin B12 Tropfen - 1800 Tropfen (50ml) - bioaktives Methylcobalamin B12 - optimal hochdosiert mit 500mcg B12 - ohne K,
P0078,B0D3QN6NMR,2026-03-05 13:42,Salbei (Salvia officinalis) Blätter Alkoholfreier Urtinktur Naturalma - Flüssig-Extrakt Tropfen 60 ml - Nahrungsergänzun,
P0079,B0DTHZQ82V,2026-03-05 13:42,Multivitamin Komplex Tropfen | 480ml | Vegan | 20 essentielle Nährstoffe | Hochdosiert Vitamin | 30 Portionen | Orangeng,
P0080,B0DTNM7ZDD,2026-03-05 13:42,Vegan All-in-One Tropfen - Vitamin B12+B2+B6+B9 Folsäure + Zink + Eisen + Selen + Natrium + Kalium + Jod - Komplex mit n,
P0081,B01HZMD4W6,2026-03-05 13:42,VITAMIN B KOMPLEX Tonikum Salus 250 ml,
P0082,B0BG31HBXW,2026-03-05 13:42,"Liposomale Vitamin B Komplex Flüssiges - Hochdosiert Tropfen mit Allen 8 B-Vitaminen, Aktive Vitamin B Formen, Vegan, Ke",
P0083,B0FLJ2MK8T,2026-03-05 13:42,"Mommachi Liposomale Vitamin B Komplex Tropfen, Hochdosiert Flüssiges mit alle 8 B-Vitamine (B1, B2, B3, B5, B6, B7, B9, ",
P0084,B086LY9V5H,2026-03-05 13:42,"IMMUN KUR - Immunsystem stärken mit basics - Monatskur, 30 x 10ml Fläschchen - Hochdosiert, Kombination aus 15 Mikronähr",
P0085,B09HCST7TL,2026-03-05 13:42,NATURTREU® Vitamin D3 K2 Tropfen hochdosiert & vegan - 20.000 I.E Vitamin D3 + K2 MK7 200 mcg pro Dosis (Depot),
P0086,B0FN83C5D3,2026-03-05 13:42,"Vitamin B Komplex Tropfen Flüssig, 60ml Vitamin B Komplex Hochdosiert Tropfen mit 5 B-Vitaminen B1, B3 Niacin, B6, B9 Fo",
P0087,B0FMS67P28,2026-03-05 13:42,SUNDAY NATURAL® Vitamin B12 hochdosiert - 500 µg pro Vitamin B12 Tropfen – B12-Formen: Methylcobalamin + Adenosylcobalam,
P0088,B086M15T55,2026-03-05 13:42,basics B12 + B-Komplex mit allen 8 B-Vitaminen - Hochdosiert mit 500mcg Vitamin B12 - für mehr Energie und Unterstützung,
P0089,B0DY7TJKPF,2026-03-05 13:42,"Magnesiumglycinat-Tropfen für Frauen & Männer, Flüssiger Nahrungsergänzungsmittel-Komplex mit Magnesiumtaurat, Zellulose",
P0090,B0BG31FVGF,2026-03-05 13:42,"Liposomale Vitamin B Komplex Flüssiges - Hochdosiert Tropfen mit Allen 8 B-Vitaminen, Aktive Vitamin B Formen, Vegan, Ke",
P0091,B099LWZMV8,2026-03-05 13:42,"Mighty Elements Vitamin B-Komplex liposomal – B1, B2, B3, B5, B6, Biotin, Folsäure & B12 hochdosiert, flüssig, vegan, oh",
P0092,B0FLCHHJL4,2026-03-05 13:42,"Mommachi Liposomale Vitamin B Komplex Tropfen, Hochdosiert Flüssiges mit alle 8 B-Vitamine (B1, B2, B3, B5, B6, B7, B9, ",
P0093,B0FSLLZPJP,2026-03-05 13:42,"Everyday Vitamins (A-K Multivitamin-Komplex) Supplement - 50 Tage 100% NRV, flüssig & schnell absorbierbar - tägliche Nu",
P0094,B09LMFRW8J,2026-03-05 13:42,"Glutathion Liposomal mit Vitamin C für maximale Bioaktivität | Hochdosiert, Vegan, Laborgeprüft | Zenement",
P0095,B0FLJ6Y4XZ,2026-03-05 13:42,"Mommachi Liposomale Vitamin B Komplex Tropfen, Hochdosiert Flüssiges mit alle 8 B-Vitamine (B1, B2, B3, B5, B6, B7, B9, ",
P0096,B08CXX9R1Y,2026-03-05 13:42,"hochdosiertes Vitamin B Komplex Spray 30ml - Vitamin B12, B6, B1, B2, B3, B5, B7, B9 - Vegan, Glutenfrei - Unterstützung",
P0097,B0GFFGB4YZ,2026-03-05 13:42,"Mommachi Liposomale Vitamin B Komplex Tropfen, Hochdosiert Flüssiges mit alle 8 B-Vitamine (B1, B2, B3, B5, B6, B7, B9, ",
P0098,B084DVXMDF,2026-03-05 13:42,tetesept B12 Vita-Kick Trinkampullen - Monatspackung à 28 Trinkfläschchen - Nahrungsergänzungsmittel für schnelle Energi,
P0099,B01KI1W0NK,2026-03-05 13:42,"Fair & Pure Vitamin E 100 I.E., 50 ml Flüssigkeit, schluckfreundlich, Tropfen Alpha-Tocopherol, Nahrungsergänzungsmittel",
P0100,B0F4856JCW,2026-03-05 13:42,immun-boost - der Immun Shot mit Vitamin C Zink hochdosiert | Immunbooster | Immunsystem stärken Erwachsene ¹| Ampullen ,
P0101,B09HCC9WWV,2026-03-05 13:42,proSan Immun Trinkampullen | der tägliche Boost für dein Immunsystem | vegetarisch & hochdosiert | Immunsystem unterstüt,
P0102,B07Z2R6B2W,2026-03-05 13:42,"Doppelherz Abwehr aktiv DIRECT - Zink, Selen & Vitamin C zur Unterstützung des Immunsystems PLUS Histidin - 40 Micro-Pel",
P0103,B0CTJ6H5FC,2026-03-05 13:42,Vitamin C + Zink (365 Tabs) - optimal hochdosiert: 500 mg gepuffertes Vitamin C + 15 mg Zink aus bioverfügbarem Zinkbisg,
P0104,B09R9YFBH8,2026-03-05 13:42,Vitamin B Komplex (B1-B12) mit 3 Kofaktoren aktiv - Alle 8- B Vitamine - B Vitamin Komplex hochdosiert mit Cofaktoren - ,
P0105,B00WWZ9HTG,2026-03-05 13:42,"Doppelherz Abwehr aktiv DIRECT - mit Zink, Selen & Vitamin C zur Unterstützung des Immunsystems PLUS Histidin - 20 Micro",
P0106,B089HJ11G2,2026-03-05 13:42,"Immunsystem unterstützen - Vitasprint Pro Immun, 24 St. - Nahrungsergänzungsmittel mit Acerola-, Ingwer, Zink und Vitami",
P0107,B0D5Z48P85,2026-03-05 13:42,"COSPHERA® 13-in-1 Immun Komplex - mit Echinacea, Vitamin C, Zink, Selen, Zistrose, Quercetin, D3, B6, B9, B12 - Vitamin ",
P0108,B0DM2KNMNK,2026-03-05 13:42,"tetesept Immun Aktiv Kurkuma-Ingwer Shot [7 Trinkfläschchen] Hochdosierter mit Vitamin D, C, B12 und Zink - Multi-Nährst",
P0109,B0CHBDHT7D,2026-03-05 13:42,Meßmer Immunsystem | Vitamin C und B-Komplex | Kräutertee mit Apfel-Zitrone-Aroma | 16 Teebeutel,
P0110,B0FV34NXTH,2026-03-05 13:42,"Doppelherz Vitamin C 1000 + D3 + Zink DIRECT - Hochdosiert mit Vitamin C, Zink und Vitamin D3 zur Unterstützung einer no",
P0111,B0G4CYTGV7,2026-03-05 13:42,Liebscher & Bracht Vitamin D3 K2 Tropfen (50ml) – 1000 I.E. pro Tropfen – Hohe Bioverfügbarkeit mit K2VITAL® MK-7 – Vega,
P0112,B0FVLY2XDM,2026-03-05 13:42,"Mikronährstoff Shot 7 x 60ml | trinkfertiges Multitalent – im praktischen Shot Format | mit Vitaminen, Mineralstoffen & ",
P0113,B0FV2VGFFV,2026-03-05 13:42,Agila Vital Mikronährstoffkonzentrat - 147 Zutaten in flüssiger Form,
P0114,B0FYQ4B5K7,2026-03-05 13:42,"Mikronährstoffkonzentrat Vital Komplex+ – Superfood Mikronährstoff Drink mit über 100 natürlichen Inhaltsstoffen, Pflanz",
P0115,B0DLCR9DZL,2026-03-05 13:42,"tetesept Immun Aktiv Kurkuma-Ingwer Shot [21 Trinkfläschchen] Hochdosierter mit Vitamin D, C, B12 und Zink - Multi-Nährs",
P0116,B005T2FTKA,2026-03-05 13:42,"Vitamine - Centrum Frisch & Fruchtig Multivitamin - Leckeres, hochwertiges Nahrungsergänzungsmittel mit Mikronährstoffen",
P0117,B0FMFGJYJY,2026-03-05 13:42,"Mikronährstoffkonzentrat | 60 natürliche Zutaten | 100% Natur | 0 Zuckerzusatz | 30 Tage Vorrat - für Immunsystem, Energ",
P0118,B0F7RWZTRM,2026-03-05 13:42,"Dr. Wolz Vitalkomplex 500ml Kombipaket mit Obst- und Gemüsenetz - Mikronährstoff-Komplex mit 95 Zutaten - Vitamine, Mine",
P0119,B0GJTN3FC1,2026-03-05 13:42,Mikronährstoffkonzentrat flüssig - Vitaminkonzentrat mit Mineralstoffen für Immunsystem sowie Nervensystem. 1 Ampulle - ,
P0120,B0GJV23QD2,2026-03-05 13:42,Mikronährstoffkonzentrat - Vitaminkonzentrat mit Mineralstoffen für Immunsystem sowie Nervensystem. 1 Flasche reicht für,
P0121,B0FC6PWLG6,2026-03-05 13:42,basics Immun Kur mit 15 Mikronährstoffen - Multivitamin Supplement mit Mineralstoffe - unterstützt Immunsystem und Energ,
P0122,B0F1YNT1KY,2026-03-05 13:42,"Enervit Magic Cherry – Nahrungsergänzungsmittel mit Sauerkirsch-Extrakt, 300 mg Polyphenole und 50 mg Anthocyane, Antiox",
P0123,B01669E4BO,2026-03-05 13:42,GHE Bio B' Essentials Mikronährstoffe und Spurenelemente (500ml),
P0124,B0FMS1F6QP,2026-03-05 14:03,"SUNDAY NATURAL® Vitamin D3 K2 Tropfen - Vegan - Premium Vitamin D 3 1.000 IE (25µg) + K2 MK7 ≥99,8% all-trans 20µg - Hoh",
P0125,B0BR63G4QM,2026-03-05 14:05,"Alsiroyal Lebens-Elixier 520 ml - Mikronährstoff-Elixier mit 86 Zutaten aus Obst, Gemüse & Kräutern + Manuka-Honig MGO 5",
P0126,B089HNLKLZ,2026-03-05 14:05,"Vitasprint B12 – Vitasprint B12 Trinkfläschchen, 30 St. – Hochdosiertes Vitamin B12 mit wertvollen Eiweißbausteinen für ",
P0127,B09BFRR4XH,2026-03-05 14:05,"ROTBÄCKCHEN Kraftpaket Vitaminkick Shot, Flasche, 14er pack (14 x 60 ml) - Nahrungsergänzungsmittel mit 12 Vitaminen",
P0128,B00MTUV8OG,2026-03-05 14:05,Grippostad Heißgetränk gegen Fieber und Schmerzen mit Vitamin C für das Immunsystem,
P0129,B001O1D3JE,2026-03-05 14:05,"Panaktiv® - flüssige Bierhefe, 500 ml • Vitamin B1, B12, Folsäure, Biotin, Vitamin B2, B6, Niacin, Zink • für einen akti",
